Joe Demo,"2 Demo Street,
Demoville,
Australia. 2615",joe@someaddress.com
Jim Sample,"3 Sample Street, Sampleville, Australia. 2615",jim@sample.com
Jack Example,"1 Example Street, Exampleville, Australia.
2615",jack@example.com. Joe Demo,"3 Demo Street,
                        Demoville,
                        Australia. Joe Demo,"4 Demo Street,
                                  Demoville,
                                  Australia.

                                  Joe Demo,"5 Demo Street,
                                  Demoville,
                                  Australia.

                                  Joe Demo,"6 Demo Street,
                                  Demoville,
                                  Australia.

                                  Joe Demo,"7 Demo Street,
                                  Demoville,
                                  Australia.


